{
  "hash": "4d0eae39",
  "configHash": "fee86800",
  "lockfileHash": "dc9ededa",
  "browserHash": "8ab0ad3d",
  "optimized": {
    "@angular/common": {
      "src": "../../../../../../node_modules/@angular/common/fesm2022/common.mjs",
      "file": "@angular_common.js",
      "fileHash": "aada896d",
      "needsInterop": false
    },
    "@angular/common/http": {
      "src": "../../../../../../node_modules/@angular/common/fesm2022/http.mjs",
      "file": "@angular_common_http.js",
      "fileHash": "b36ac5d0",
      "needsInterop": false
    },
    "@angular/core": {
      "src": "../../../../../../node_modules/@angular/core/fesm2022/core.mjs",
      "file": "@angular_core.js",
      "fileHash": "947f577e",
      "needsInterop": false
    },
    "@angular/platform-browser": {
      "src": "../../../../../../node_modules/@angular/platform-browser/fesm2022/platform-browser.mjs",
      "file": "@angular_platform-browser.js",
      "fileHash": "5af7c0f8",
      "needsInterop": false
    },
    "@angular/router": {
      "src": "../../../../../../node_modules/@angular/router/fesm2022/router.mjs",
      "file": "@angular_router.js",
      "fileHash": "44caf1a3",
      "needsInterop": false
    }
  },
  "chunks": {
    "chunk-WF4GIONX": {
      "file": "chunk-WF4GIONX.js"
    },
    "chunk-F3RPWC45": {
      "file": "chunk-F3RPWC45.js"
    },
    "chunk-TZB7TKU7": {
      "file": "chunk-TZB7TKU7.js"
    },
    "chunk-GOPZBY37": {
      "file": "chunk-GOPZBY37.js"
    }
  }
}